﻿{"cameraMode":{"drawMode":0,"name":"Shaded","section":"Shading Mode"},"sceneLighting":false,"audioPlay":false,"sceneViewState":{"showFog":true,"showMaterialUpdate":false,"showSkybox":true,"showFlares":true,"showImageEffects":true,"showParticleSystems":true},"in2DMode":false,"pivot":{"x":0.30500030517578127,"y":5.739999771118164,"z":0.0},"rotation":{"x":-0.010809331201016903,"y":0.0020967095624655487,"z":-0.0000225395033339737,"w":-0.9999394416809082},"size":28.927400588989259,"orthographic":false}