﻿{"cameraMode":{"drawMode":0,"name":"Shaded","section":"Shading Mode"},"sceneLighting":true,"audioPlay":false,"sceneViewState":{"showFog":true,"showMaterialUpdate":false,"showSkybox":true,"showFlares":true,"showImageEffects":true,"showParticleSystems":true},"in2DMode":false,"pivot":{"x":-0.8107004165649414,"y":0.6194795370101929,"z":0.6759324073791504},"rotation":{"x":-0.09763623774051666,"y":-0.018810996785759927,"z":0.001851442502811551,"w":-0.9950427412986755},"size":25.01601219177246,"orthographic":false}